id,se,sc,urank,crank,skillexp,totalexp
1,1,4.9,0.9,0.8,0.7,0.8
2,1,2.1,0.7,0.9,0.5,0.95
3,0,4.3,0.7,0.7,0.1,0.3
4,1,4.1,1,1,0.9,0.90
5,0,3,0.6,0.6,0.1,0.2
6,0,1,0.8,0.6,0,0.1
7,0,3.75,0.45,0.56,0.2,0.8
8,0,3.75,0.89,0.98,0.2,0.8
9,1,3.75,0.84,0.56,0.2,0.8
10,0,3.75,0.54,0.47,0.2,0.8
11,0,3.75,0.33,0.56,0.2,0.8
12,1,3.75,0.94,0.32,0.2,0.8
13,1,3.75,0.75,0.32,0.2,0.8
